756614;Мобильный телефон Samsung Galaxy S7 32GB;Мобильные и связь->Мобильные и аксессуары->Мобильные телефоны;15939;11;Samsung
756614;Мобильный телефон Samsung Galaxy S7 32GB;Мобильные и связь->Мобильные и аксессуары->Мобильные телефоны;15 939,0;4;Samsung
756614;Мобильный телефон Samsung Galaxy S7 32GB;Мобильные и связь->Мобильные и аксессуары->Мобильные телефоны;26 389,0;7;Samsung
756614;Мобильный телефон Samsung Galaxy S7 32GB;Мобильные и связь->Мобильные и аксессуары->Мобильные телефоны;26 455,0;6;Samsung
756614;Мобильный телефон Samsung Galaxy S7 32GB;Мобильные и связь->Мобильные и аксессуары->Мобильные телефоны;15 939,0;5;Samsung
756614;Мобильный телефон Samsung Galaxy S7 32GB;Мобильные и связь->Мобильные и аксессуары->Мобильные телефоны;15 939,0;8;Samsung
1062263;Мобильный телефон Xiaomi Redmi 4x 32GB;Мобильные и связь->Мобильные и аксессуары->Мобильные телефоны;9339;3;Xiaomi
1062263;Мобильный телефон Xiaomi Redmi 4x 32GB;Мобильные и связь->Мобильные и аксессуары->Мобильные телефоны;9 559,0;11;Xiaomi
1062263;Мобильный телефон Xiaomi Redmi 4x 32GB;Мобильные и связь->Мобильные и аксессуары->Мобильные телефоны;9 339,0;12;Xiaomi
1062263;Мобильный телефон Xiaomi Redmi 4x 32GB;Мобильные и связь->Мобильные и аксессуары->Мобильные телефоны;9 559,0;9;Xiaomi
756658;Мобильный телефон Samsung Galaxy S7 Edge 32GB;Мобильные и связь->Мобильные и аксессуары->Мобильные телефоны;22330;13;Samsung
756658;Мобильный телефон Samsung Galaxy S7 Edge 32GB;Мобильные и связь->Мобильные и аксессуары->Мобильные телефоны;22 330,0;8;Samsung
756658;Мобильный телефон Samsung Galaxy S7 Edge 32GB;Мобильные и связь->Мобильные и аксессуары->Мобильные телефоны;19 800,0;4;Samsung
756658;Мобильный телефон Samsung Galaxy S7 Edge 32GB;Мобильные и связь->Мобильные и аксессуары->Мобильные телефоны;30 052,0;11;Samsung
756658;Мобильный телефон Samsung Galaxy S7 Edge 32GB;Мобильные и связь->Мобильные и аксессуары->Мобильные телефоны;22 330,0;15;Samsung
756658;Мобильный телефон Samsung Galaxy S7 Edge 32GB;Мобильные и связь->Мобильные и аксессуары->Мобильные телефоны;22 330,0;7;Samsung
756658;Мобильный телефон Samsung Galaxy S7 Edge 32GB;Мобильные и связь->Мобильные и аксессуары->Мобильные телефоны;39 598,9;13;Samsung
916176;Мобильный телефон Apple iPhone 7 32GB;Мобильные и связь->Мобильные и аксессуары->Мобильные телефоны;27720;6;Apple
916176;Мобильный телефон Apple iPhone 7 32GB;Мобильные и связь->Мобильные и аксессуары->Мобильные телефоны;27 720,0;12;Apple
916176;Мобильный телефон Apple iPhone 7 32GB;Мобильные и связь->Мобильные и аксессуары->Мобильные телефоны;27 901,5;9;Apple
916176;Мобильный телефон Apple iPhone 7 32GB;Мобильные и связь->Мобильные и аксессуары->Мобильные телефоны;27 720,0;2;Apple
916176;Мобильный телефон Apple iPhone 7 32GB;Мобильные и связь->Мобильные и аксессуары->Мобильные телефоны;27 720,0;11;Apple
916176;Мобильный телефон Apple iPhone 7 32GB;Мобильные и связь->Мобильные и аксессуары->Мобильные телефоны;27 720,0;15;Apple
1078250;Мобильный телефон Samsung Galaxy S8;Мобильные и связь->Мобильные и аксессуары->Мобильные телефоны;38973;8;Samsung
1078250;Мобильный телефон Samsung Galaxy S8;Мобильные и связь->Мобильные и аксессуары->Мобильные телефоны;39 037,9;12;Samsung
1078250;Мобильный телефон Samsung Galaxy S8;Мобильные и связь->Мобильные и аксессуары->Мобильные телефоны;51 579,0;8;Samsung
1078250;Мобильный телефон Samsung Galaxy S8;Мобильные и связь->Мобильные и аксессуары->Мобильные телефоны;37 895,0;6;Samsung
1078250;Мобильный телефон Samsung Galaxy S8;Мобильные и связь->Мобильные и аксессуары->Мобильные телефоны;39 257,9;12;Samsung
1078250;Мобильный телефон Samsung Galaxy S8;Мобильные и связь->Мобильные и аксессуары->Мобильные телефоны;38 973,0;15;Samsung
1078250;Мобильный телефон Samsung Galaxy S8;Мобильные и связь->Мобильные и аксессуары->Мобильные телефоны;42 130,0;3;Samsung
644354;Мобильный телефон Apple iPhone 6S 64GB;Мобильные и связь->Мобильные и аксессуары->Мобильные телефоны;17242,5;6;Apple
644354;Мобильный телефон Apple iPhone 6S 64GB;Мобильные и связь->Мобильные и аксессуары->Мобильные телефоны;17 242,5;5;Apple
644354;Мобильный телефон Apple iPhone 6S 64GB;Мобильные и связь->Мобильные и аксессуары->Мобильные телефоны;17 242,5;5;Apple
644354;Мобильный телефон Apple iPhone 6S 64GB;Мобильные и связь->Мобильные и аксессуары->Мобильные телефоны;17 743,0;11;Apple
644354;Мобильный телефон Apple iPhone 6S 64GB;Мобильные и связь->Мобильные и аксессуары->Мобильные телефоны;17 242,5;2;Apple
970070;Мобильный телефон Xiaomi Redmi 4a 16GB;Мобильные и связь->Мобильные и аксессуары->Мобильные телефоны;6545;3;Xiaomi
970070;Мобильный телефон Xiaomi Redmi 4a 16GB;Мобильные и связь->Мобильные и аксессуары->Мобильные телефоны;6 578,0;13;Xiaomi
970070;Мобильный телефон Xiaomi Redmi 4a 16GB;Мобильные и связь->Мобильные и аксессуары->Мобильные телефоны;6 589,0;7;Xiaomi
970070;Мобильный телефон Xiaomi Redmi 4a 16GB;Мобильные и связь->Мобильные и аксессуары->Мобильные телефоны;6 545,0;3;Xiaomi
1055825;Мобильный телефон Xiaomi Redmi Note 4x 64GB;Мобильные и связь->Мобильные и аксессуары->Мобильные телефоны;11537,9;12;Xiaomi
1055825;Мобильный телефон Xiaomi Redmi Note 4x 64GB;Мобильные и связь->Мобильные и аксессуары->Мобильные телефоны;11 537,9;3;Xiaomi
1055825;Мобильный телефон Xiaomi Redmi Note 4x 64GB;Мобильные и связь->Мобильные и аксессуары->Мобильные телефоны;11 539,0;4;Xiaomi
1055825;Мобильный телефон Xiaomi Redmi Note 4x 64GB;Мобильные и связь->Мобильные и аксессуары->Мобильные телефоны;10 659,0;14;Xiaomi
1055825;Мобильный телефон Xiaomi Redmi Note 4x 64GB;Мобильные и связь->Мобильные и аксессуары->Мобильные телефоны;12 320,0;12;Xiaomi
1055825;Мобильный телефон Xiaomi Redmi Note 4x 64GB;Мобильные и связь->Мобильные и аксессуары->Мобильные телефоны;12 419,0;4;Xiaomi
1055805;Мобильный телефон Xiaomi Redmi Note 4x 32GB;Мобильные и связь->Мобильные и аксессуары->Мобильные телефоны;10175;5;Xiaomi
1055805;Мобильный телефон Xiaomi Redmi Note 4x 32GB;Мобильные и связь->Мобильные и аксессуары->Мобильные телефоны;10 780,0;13;Xiaomi
1055805;Мобильный телефон Xiaomi Redmi Note 4x 32GB;Мобильные и связь->Мобильные и аксессуары->Мобильные телефоны;10 219,0;8;Xiaomi
1055805;Мобильный телефон Xiaomi Redmi Note 4x 32GB;Мобильные и связь->Мобильные и аксессуары->Мобильные телефоны;10 219,0;5;Xiaomi
1055805;Мобильный телефон Xiaomi Redmi Note 4x 32GB;Мобильные и связь->Мобильные и аксессуары->Мобильные телефоны;10 219,0;12;Xiaomi
1055805;Мобильный телефон Xiaomi Redmi Note 4x 32GB;Мобильные и связь->Мобильные и аксессуары->Мобильные телефоны;10 219,0;5;Xiaomi
1055805;Мобильный телефон Xiaomi Redmi Note 4x 32GB;Мобильные и связь->Мобильные и аксессуары->Мобильные телефоны;10 274,0;13;Xiaomi
1055805;Мобильный телефон Xiaomi Redmi Note 4x 32GB;Мобильные и связь->Мобильные и аксессуары->Мобильные телефоны;10 175,0;4;Xiaomi
1120309;Мобильный телефон Xiaomi Mi Max 2 64GB;Мобильные и связь->Мобильные и аксессуары->Мобильные телефоны;13838;8;Xiaomi
1120309;Мобильный телефон Xiaomi Mi Max 2 64GB;Мобильные и связь->Мобильные и аксессуары->Мобильные телефоны;13 838,0;15;Xiaomi
1120309;Мобильный телефон Xiaomi Mi Max 2 64GB;Мобильные и связь->Мобильные и аксессуары->Мобильные телефоны;14 157,0;15;Xiaomi
543414;Мобильный телефон Samsung Galaxy S6 32GB;Мобильные и связь->Мобильные и аксессуары->Мобильные телефоны;11759;5;Samsung
543414;Мобильный телефон Samsung Galaxy S6 32GB;Мобильные и связь->Мобильные и аксессуары->Мобильные телефоны;11 759,0;14;Samsung
543414;Мобильный телефон Samsung Galaxy S6 32GB;Мобильные и связь->Мобильные и аксессуары->Мобильные телефоны;11 759,0;9;Samsung
543414;Мобильный телефон Samsung Galaxy S6 32GB;Мобильные и связь->Мобильные и аксессуары->Мобильные телефоны;11 759,0;12;Samsung
543414;Мобильный телефон Samsung Galaxy S6 32GB;Мобильные и связь->Мобильные и аксессуары->Мобильные телефоны;11 748,0;4;Samsung
1062262;Мобильный телефон Xiaomi Redmi 4x 16GB;Мобильные и связь->Мобильные и аксессуары->Мобильные телефоны;8019;6;Xiaomi
1062262;Мобильный телефон Xiaomi Redmi 4x 16GB;Мобильные и связь->Мобильные и аксессуары->Мобильные телефоны;8 019,0;12;Xiaomi
1062262;Мобильный телефон Xiaomi Redmi 4x 16GB;Мобильные и связь->Мобильные и аксессуары->Мобильные телефоны;8 250,0;11;Xiaomi
1062262;Мобильный телефон Xiaomi Redmi 4x 16GB;Мобильные и связь->Мобильные и аксессуары->Мобильные телефоны;8 217,0;4;Xiaomi
1265001;Мобильный телефон Xiaomi Redmi 5 Plus 32GB;Мобильные и связь->Мобильные и аксессуары->Мобильные телефоны;10769;9;Xiaomi
1265001;Мобильный телефон Xiaomi Redmi 5 Plus 32GB;Мобильные и связь->Мобильные и аксессуары->Мобильные телефоны;11 869,0;5;Xiaomi
1265001;Мобильный телефон Xiaomi Redmi 5 Plus 32GB;Мобильные и связь->Мобильные и аксессуары->Мобильные телефоны;12 298,0;8;Xiaomi
1265001;Мобильный телефон Xiaomi Redmi 5 Plus 32GB;Мобильные и связь->Мобильные и аксессуары->Мобильные телефоны;11 627,0;10;Xiaomi
1265001;Мобильный телефон Xiaomi Redmi 5 Plus 32GB;Мобильные и связь->Мобильные и аксессуары->Мобильные телефоны;10 769,0;13;Xiaomi
1097143;Мобильный телефон Xiaomi Mi 6 64GB;Мобильные и связь->Мобильные и аксессуары->Мобильные телефоны;22836;10;Xiaomi
1097143;Мобильный телефон Xiaomi Mi 6 64GB;Мобильные и связь->Мобильные и аксессуары->Мобильные телефоны;22 836,0;7;Xiaomi
1097143;Мобильный телефон Xiaomi Mi 6 64GB;Мобильные и связь->Мобильные и аксессуары->Мобильные телефоны;31 790,0;4;Xiaomi
1097143;Мобильный телефон Xiaomi Mi 6 64GB;Мобильные и связь->Мобильные и аксессуары->Мобильные телефоны;23 749,0;15;Xiaomi
511468;Мобильный телефон Xiaomi Mi 5 32GB;Мобильные и связь->Мобильные и аксессуары->Мобильные телефоны;10175;8;Xiaomi
511468;Мобильный телефон Xiaomi Mi 5 32GB;Мобильные и связь->Мобильные и аксессуары->Мобильные телефоны;10 175,0;13;Xiaomi
511468;Мобильный телефон Xiaomi Mi 5 32GB;Мобильные и связь->Мобильные и аксессуары->Мобильные телефоны;10 505,0;13;Xiaomi
511468;Мобильный телефон Xiaomi Mi 5 32GB;Мобильные и связь->Мобильные и аксессуары->Мобильные телефоны;10 835,0;4;Xiaomi
511468;Мобильный телефон Xiaomi Mi 5 32GB;Мобильные и связь->Мобильные и аксессуары->Мобильные телефоны;17 490,0;6;Xiaomi
511468;Мобильный телефон Xiaomi Mi 5 32GB;Мобильные и связь->Мобильные и аксессуары->Мобильные телефоны;8 965,0;9;Xiaomi
916468;Мобильный телефон Apple iPhone 7 128GB;Мобильные и связь->Мобильные и аксессуары->Мобильные телефоны;31141;11;Apple
916468;Мобильный телефон Apple iPhone 7 128GB;Мобильные и связь->Мобильные и аксессуары->Мобильные телефоны;31 141,0;14;Apple
916468;Мобильный телефон Apple iPhone 7 128GB;Мобильные и связь->Мобильные и аксессуары->Мобильные телефоны;31 141,0;8;Apple
916468;Мобильный телефон Apple iPhone 7 128GB;Мобильные и связь->Мобильные и аксессуары->Мобильные телефоны;31 141,0;5;Apple
916468;Мобильный телефон Apple iPhone 7 128GB;Мобильные и связь->Мобильные и аксессуары->Мобильные телефоны;31 141,0;13;Apple
916468;Мобильный телефон Apple iPhone 7 128GB;Мобильные и связь->Мобильные и аксессуары->Мобильные телефоны;31 141,0;9;Apple
311531;Мобильный телефон Apple iPhone 5S 16GB;Мобильные и связь->Мобильные и аксессуары->Мобильные телефоны;9091,5;2;Apple
311531;Мобильный телефон Apple iPhone 5S 16GB;Мобильные и связь->Мобильные и аксессуары->Мобильные телефоны;9 091,5;12;Apple
311531;Мобильный телефон Apple iPhone 5S 16GB;Мобильные и связь->Мобильные и аксессуары->Мобильные телефоны;9 091,5;12;Apple
311531;Мобильный телефон Apple iPhone 5S 16GB;Мобильные и связь->Мобильные и аксессуары->Мобильные телефоны;9 091,5;2;Apple
1199574;Мобильный телефон Xiaomi Mi A1 64GB;Мобильные и связь->Мобильные и аксессуары->Мобильные телефоны;13233;14;Xiaomi
1199574;Мобильный телефон Xiaomi Mi A1 64GB;Мобильные и связь->Мобильные и аксессуары->Мобильные телефоны;13 255,0;14;Xiaomi
1199574;Мобильный телефон Xiaomi Mi A1 64GB;Мобильные и связь->Мобильные и аксессуары->Мобильные телефоны;15 730,0;13;Xiaomi
1199574;Мобильный телефон Xiaomi Mi A1 64GB;Мобильные и связь->Мобильные и аксессуары->Мобильные телефоны;13 233,0;7;Xiaomi
1199574;Мобильный телефон Xiaomi Mi A1 64GB;Мобильные и связь->Мобильные и аксессуары->Мобильные телефоны;13 563,0;10;Xiaomi
1075089;Мобильный телефон Apple iPhone SE 32GB;Мобильные и связь->Мобильные и аксессуары->Мобильные телефоны;19045,4;12;Apple
1075089;Мобильный телефон Apple iPhone SE 32GB;Мобильные и связь->Мобильные и аксессуары->Мобильные телефоны;19 789,0;8;Apple
1075089;Мобильный телефон Apple iPhone SE 32GB;Мобильные и связь->Мобильные и аксессуары->Мобильные телефоны;20 238,9;5;Apple
1075089;Мобильный телефон Apple iPhone SE 32GB;Мобильные и связь->Мобильные и аксессуары->Мобильные телефоны;19 789,0;9;Apple
1075089;Мобильный телефон Apple iPhone SE 32GB;Мобильные и связь->Мобильные и аксессуары->Мобильные телефоны;19 789,0;10;Apple
1192400;Мобильный телефон Samsung Galaxy Note8 64GB;Мобильные и связь->Мобильные и аксессуары->Мобильные телефоны;49168,9;15;Samsung
1192400;Мобильный телефон Samsung Galaxy Note8 64GB;Мобильные и связь->Мобильные и аксессуары->Мобильные телефоны;49 168,9;6;Samsung
1192400;Мобильный телефон Samsung Galaxy Note8 64GB;Мобильные и связь->Мобильные и аксессуары->Мобильные телефоны;51 150,0;14;Samsung
1192400;Мобильный телефон Samsung Galaxy Note8 64GB;Мобильные и связь->Мобильные и аксессуары->Мобильные телефоны;52 250,0;8;Samsung
1192400;Мобильный телефон Samsung Galaxy Note8 64GB;Мобильные и связь->Мобильные и аксессуары->Мобильные телефоны;60 940,0;3;Samsung
644294;Мобильный телефон Apple iPhone 6S 16GB;Мобильные и связь->Мобильные и аксессуары->Мобильные телефоны;14575;14;Apple
644294;Мобильный телефон Apple iPhone 6S 16GB;Мобильные и связь->Мобильные и аксессуары->Мобильные телефоны;14 575,0;10;Apple
644294;Мобильный телефон Apple iPhone 6S 16GB;Мобильные и связь->Мобильные и аксессуары->Мобильные телефоны;14 575,0;4;Apple
644294;Мобильный телефон Apple iPhone 6S 16GB;Мобильные и связь->Мобильные и аксессуары->Мобильные телефоны;14 575,0;2;Apple
644294;Мобильный телефон Apple iPhone 6S 16GB;Мобильные и связь->Мобильные и аксессуары->Мобильные телефоны;14 575,0;4;Apple
1265015;Мобильный телефон Xiaomi Redmi 5 Plus 64GB;Мобильные и связь->Мобильные и аксессуары->Мобильные телефоны;12648,9;4;Xiaomi
1265015;Мобильный телефон Xiaomi Redmi 5 Plus 64GB;Мобильные и связь->Мобильные и аксессуары->Мобильные телефоны;13 189,0;2;Xiaomi
1265015;Мобильный телефон Xiaomi Redmi 5 Plus 64GB;Мобильные и связь->Мобильные и аксессуары->Мобильные телефоны;12 648,9;9;Xiaomi
1265015;Мобильный телефон Xiaomi Redmi 5 Plus 64GB;Мобильные и связь->Мобильные и аксессуары->Мобильные телефоны;12 648,9;2;Xiaomi
1265015;Мобильный телефон Xiaomi Redmi 5 Plus 64GB;Мобильные и связь->Мобильные и аксессуары->Мобильные телефоны;13 024,0;3;Xiaomi
1225931;Мобильный телефон Xiaomi Redmi 5a 16GB;Мобильные и связь->Мобильные и аксессуары->Мобильные телефоны;6268,9;5;Xiaomi
1225931;Мобильный телефон Xiaomi Redmi 5a 16GB;Мобильные и связь->Мобильные и аксессуары->Мобильные телефоны;6 268,9;14;Xiaomi
1225931;Мобильный телефон Xiaomi Redmi 5a 16GB;Мобильные и связь->Мобильные и аксессуары->Мобильные телефоны;6 488,9;9;Xiaomi
1225931;Мобильный телефон Xiaomi Redmi 5a 16GB;Мобильные и связь->Мобильные и аксессуары->Мобильные телефоны;6 809,0;13;Xiaomi
1130456;Мобильный телефон Samsung Galaxy J7 2017;Мобильные и связь->Мобильные и аксессуары->Мобильные телефоны;15895;11;Samsung
1130456;Мобильный телефон Samsung Galaxy J7 2017;Мобильные и связь->Мобильные и аксессуары->Мобильные телефоны;15 895,0;8;Samsung
1130456;Мобильный телефон Samsung Galaxy J7 2017;Мобильные и связь->Мобильные и аксессуары->Мобильные телефоны;16 247,0;8;Samsung
1130456;Мобильный телефон Samsung Galaxy J7 2017;Мобильные и связь->Мобильные и аксессуары->Мобильные телефоны;15 774,0;12;Samsung
1130456;Мобильный телефон Samsung Galaxy J7 2017;Мобильные и связь->Мобильные и аксессуары->Мобильные телефоны;16 225,0;9;Samsung
916477;Мобильный телефон Apple iPhone 7 Plus 32GB;Мобильные и связь->Мобильные и аксессуары->Мобильные телефоны;38390;14;Apple
916477;Мобильный телефон Apple iPhone 7 Plus 32GB;Мобильные и связь->Мобильные и аксессуары->Мобильные телефоны;38 390,0;11;Apple
916477;Мобильный телефон Apple iPhone 7 Plus 32GB;Мобильные и связь->Мобильные и аксессуары->Мобильные телефоны;42 339,0;9;Apple
916477;Мобильный телефон Apple iPhone 7 Plus 32GB;Мобильные и связь->Мобильные и аксессуары->Мобильные телефоны;38 390,0;13;Apple
916477;Мобильный телефон Apple iPhone 7 Plus 32GB;Мобильные и связь->Мобильные и аксессуары->Мобильные телефоны;38 390,0;7;Apple
916477;Мобильный телефон Apple iPhone 7 Plus 32GB;Мобильные и связь->Мобильные и аксессуары->Мобильные телефоны;38 390,0;11;Apple
1204677;Мобильный телефон Apple iPhone X 64GB;Мобильные и связь->Мобильные и аксессуары->Мобильные телефоны;69839;7;Apple
1204677;Мобильный телефон Apple iPhone X 64GB;Мобильные и связь->Мобильные и аксессуары->Мобильные телефоны;71 377,9;10;Apple
1204677;Мобильный телефон Apple iPhone X 64GB;Мобильные и связь->Мобильные и аксессуары->Мобильные телефоны;69 839,0;11;Apple
631333;Мобильный телефон Samsung Galaxy Note 5 32GB;Мобильные и связь->Мобильные и аксессуары->Мобильные телефоны;15719;11;Samsung
631333;Мобильный телефон Samsung Galaxy Note 5 32GB;Мобильные и связь->Мобильные и аксессуары->Мобильные телефоны;15 719,0;9;Samsung
631333;Мобильный телефон Samsung Galaxy Note 5 32GB;Мобильные и связь->Мобильные и аксессуары->Мобильные телефоны;15 719,0;6;Samsung
631333;Мобильный телефон Samsung Galaxy Note 5 32GB;Мобильные и связь->Мобильные и аксессуары->Мобильные телефоны;16 093,0;15;Samsung
631333;Мобильный телефон Samsung Galaxy Note 5 32GB;Мобильные и связь->Мобильные и аксессуары->Мобильные телефоны;15 719,0;15;Samsung
1082893;Мобильный телефон Samsung Galaxy S8 Plus 64GB;Мобильные и связь->Мобильные и аксессуары->Мобильные телефоны;42216,9;3;Samsung
1082893;Мобильный телефон Samsung Galaxy S8 Plus 64GB;Мобильные и связь->Мобильные и аксессуары->Мобильные телефоны;42 216,9;15;Samsung
1082893;Мобильный телефон Samsung Galaxy S8 Plus 64GB;Мобильные и связь->Мобильные и аксессуары->Мобильные телефоны;42 128,9;14;Samsung
1082893;Мобильный телефон Samsung Galaxy S8 Plus 64GB;Мобильные и связь->Мобильные и аксессуары->Мобильные телефоны;42 007,9;14;Samsung
1082893;Мобильный телефон Samsung Galaxy S8 Plus 64GB;Мобильные и связь->Мобильные и аксессуары->Мобильные телефоны;43 450,0;12;Samsung
543362;Мобильный телефон Samsung Galaxy S6 Edge 32GB;Мобильные и связь->Мобильные и аксессуары->Мобильные телефоны;17919;10;Samsung
543362;Мобильный телефон Samsung Galaxy S6 Edge 32GB;Мобильные и связь->Мобильные и аксессуары->Мобильные телефоны;17 919,0;14;Samsung
543362;Мобильный телефон Samsung Galaxy S6 Edge 32GB;Мобильные и связь->Мобильные и аксессуары->Мобильные телефоны;17 919,0;14;Samsung
543362;Мобильный телефон Samsung Galaxy S6 Edge 32GB;Мобильные и связь->Мобильные и аксессуары->Мобильные телефоны;17 919,0;7;Samsung
543362;Мобильный телефон Samsung Galaxy S6 Edge 32GB;Мобильные и связь->Мобильные и аксессуары->Мобильные телефоны;17 919,0;13;Samsung
543362;Мобильный телефон Samsung Galaxy S6 Edge 32GB;Мобильные и связь->Мобильные и аксессуары->Мобильные телефоны;17 919,0;5;Samsung
1014066;Мобильный телефон Samsung Galaxy A5 2017;Мобильные и связь->Мобильные и аксессуары->Мобильные телефоны;18359;6;Samsung
1014066;Мобильный телефон Samsung Galaxy A5 2017;Мобильные и связь->Мобильные и аксессуары->Мобильные телефоны;18 799,0;14;Samsung
1014066;Мобильный телефон Samsung Galaxy A5 2017;Мобильные и связь->Мобильные и аксессуары->Мобильные телефоны;18 359,0;14;Samsung
1014066;Мобильный телефон Samsung Galaxy A5 2017;Мобильные и связь->Мобильные и аксессуары->Мобильные телефоны;18 370,0;7;Samsung
1014066;Мобильный телефон Samsung Galaxy A5 2017;Мобильные и связь->Мобильные и аксессуары->Мобильные телефоны;18 359,0;13;Samsung
1190221;Мобильный телефон Xiaomi Redmi Note 5a 16GB;Мобильные и связь->Мобильные и аксессуары->Мобильные телефоны;6586,8;4;Xiaomi
1190221;Мобильный телефон Xiaomi Redmi Note 5a 16GB;Мобильные и связь->Мобильные и аксессуары->Мобильные телефоны;7 645,0;9;Xiaomi
1190221;Мобильный телефон Xiaomi Redmi Note 5a 16GB;Мобильные и связь->Мобильные и аксессуары->Мобильные телефоны;8 030,0;10;Xiaomi
1190221;Мобильный телефон Xiaomi Redmi Note 5a 16GB;Мобильные и связь->Мобильные и аксессуары->Мобильные телефоны;7 478,9;6;Xiaomi
1190221;Мобильный телефон Xiaomi Redmi Note 5a 16GB;Мобильные и связь->Мобильные и аксессуары->Мобильные телефоны;7 689,0;10;Xiaomi
453978;Мобильный телефон Apple iPhone 6 16GB;Мобильные и связь->Мобильные и аксессуары->Мобильные телефоны;11440;7;Apple
453978;Мобильный телефон Apple iPhone 6 16GB;Мобильные и связь->Мобильные и аксессуары->Мобильные телефоны;11 440,0;6;Apple
453978;Мобильный телефон Apple iPhone 6 16GB;Мобильные и связь->Мобильные и аксессуары->Мобильные телефоны;11 440,0;12;Apple
453978;Мобильный телефон Apple iPhone 6 16GB;Мобильные и связь->Мобильные и аксессуары->Мобильные телефоны;11 440,0;13;Apple
408252;Мобильный телефон Samsung Galaxy Note 4;Мобильные и связь->Мобильные и аксессуары->Мобильные телефоны;11390,5;6;Samsung
408252;Мобильный телефон Samsung Galaxy Note 4;Мобильные и связь->Мобильные и аксессуары->Мобильные телефоны;11 880,0;12;Samsung
408252;Мобильный телефон Samsung Galaxy Note 4;Мобильные и связь->Мобильные и аксессуары->Мобильные телефоны;11 143,0;9;Samsung
408252;Мобильный телефон Samsung Galaxy Note 4;Мобильные и связь->Мобильные и аксессуары->Мобильные телефоны;11 880,0;6;Samsung
408252;Мобильный телефон Samsung Galaxy Note 4;Мобильные и связь->Мобильные и аксессуары->Мобильные телефоны;11 390,5;13;Samsung
408252;Мобильный телефон Samsung Galaxy Note 4;Мобильные и связь->Мобильные и аксессуары->Мобильные телефоны;11 390,5;9;Samsung
408252;Мобильный телефон Samsung Galaxy Note 4;Мобильные и связь->Мобильные и аксессуары->Мобильные телефоны;11 143,0;13;Samsung
916490;Мобильный телефон Apple iPhone 7 Plus 128GB;Мобильные и связь->Мобильные и аксессуары->Мобильные телефоны;42240;6;Apple
916490;Мобильный телефон Apple iPhone 7 Plus 128GB;Мобильные и связь->Мобильные и аксессуары->Мобильные телефоны;42 240,0;14;Apple
916490;Мобильный телефон Apple iPhone 7 Plus 128GB;Мобильные и связь->Мобильные и аксессуары->Мобильные телефоны;48 389,0;7;Apple
916490;Мобильный телефон Apple iPhone 7 Plus 128GB;Мобильные и связь->Мобильные и аксессуары->Мобильные телефоны;42 240,0;14;Apple
916490;Мобильный телефон Apple iPhone 7 Plus 128GB;Мобильные и связь->Мобильные и аксессуары->Мобильные телефоны;42 240,0;12;Apple
916490;Мобильный телефон Apple iPhone 7 Plus 128GB;Мобильные и связь->Мобильные и аксессуары->Мобильные телефоны;42 240,0;10;Apple
970462;Мобильный телефон Xiaomi Redmi 4 Pro 32GB;Мобильные и связь->Мобильные и аксессуары->Мобильные телефоны;12859;12;Xiaomi
970462;Мобильный телефон Xiaomi Redmi 4 Pro 32GB;Мобильные и связь->Мобильные и аксессуары->Мобильные телефоны;14 729,0;4;Xiaomi
970462;Мобильный телефон Xiaomi Redmi 4 Pro 32GB;Мобильные и связь->Мобильные и аксессуары->Мобильные телефоны;10 659,0;10;Xiaomi
970462;Мобильный телефон Xiaomi Redmi 4 Pro 32GB;Мобильные и связь->Мобильные и аксессуары->Мобильные телефоны;15 290,0;15;Xiaomi
970462;Мобильный телефон Xiaomi Redmi 4 Pro 32GB;Мобильные и связь->Мобильные и аксессуары->Мобильные телефоны;15 290,0;6;Xiaomi
937057;Мобильный телефон Apple iPhone 6S 32GB;Мобильные и связь->Мобильные и аксессуары->Мобильные телефоны;16093;12;Apple
937057;Мобильный телефон Apple iPhone 6S 32GB;Мобильные и связь->Мобильные и аксессуары->Мобильные телефоны;18 601,0;10;Apple
937057;Мобильный телефон Apple iPhone 6S 32GB;Мобильные и связь->Мобильные и аксессуары->Мобильные телефоны;18 601,0;3;Apple
937057;Мобильный телефон Apple iPhone 6S 32GB;Мобильные и связь->Мобильные и аксессуары->Мобильные телефоны;16 093,0;13;Apple
937057;Мобильный телефон Apple iPhone 6S 32GB;Мобильные и связь->Мобильные и аксессуары->Мобильные телефоны;16 093,0;8;Apple
1248278;Мобильный телефон OnePlus 5T 64GB;Мобильные и связь->Мобильные и аксессуары->Мобильные телефоны;31348,9;5;OnePlus
1248278;Мобильный телефон OnePlus 5T 64GB;Мобильные и связь->Мобильные и аксессуары->Мобильные телефоны;31 348,9;13;OnePlus
901401;Мобильный телефон Xiaomi Redmi Note 4 64GB;Мобильные и связь->Мобильные и аксессуары->Мобильные телефоны;11880;9;Xiaomi
901401;Мобильный телефон Xiaomi Redmi Note 4 64GB;Мобильные и связь->Мобильные и аксессуары->Мобильные телефоны;11 880,0;2;Xiaomi
901401;Мобильный телефон Xiaomi Redmi Note 4 64GB;Мобильные и связь->Мобильные и аксессуары->Мобильные телефоны;13 189,0;12;Xiaomi
901401;Мобильный телефон Xiaomi Redmi Note 4 64GB;Мобильные и связь->Мобильные и аксессуары->Мобильные телефоны;12 155,0;10;Xiaomi
901401;Мобильный телефон Xiaomi Redmi Note 4 64GB;Мобильные и связь->Мобильные и аксессуары->Мобильные телефоны;12 650,0;7;Xiaomi
901401;Мобильный телефон Xiaomi Redmi Note 4 64GB;Мобильные и связь->Мобильные и аксессуары->Мобильные телефоны;12 067,0;11;Xiaomi
901401;Мобильный телефон Xiaomi Redmi Note 4 64GB;Мобильные и связь->Мобильные и аксессуары->Мобильные телефоны;11 880,0;11;Xiaomi
361868;Мобильный телефон Samsung Galaxy S5 16GB;Мобильные и связь->Мобильные и аксессуары->Мобильные телефоны;8030;3;Samsung
361868;Мобильный телефон Samsung Galaxy S5 16GB;Мобильные и связь->Мобильные и аксессуары->Мобильные телефоны;7 964,0;2;Samsung
361868;Мобильный телефон Samsung Galaxy S5 16GB;Мобильные и связь->Мобильные и аксессуары->Мобильные телефоны;8 030,0;7;Samsung
361868;Мобильный телефон Samsung Galaxy S5 16GB;Мобильные и связь->Мобильные и аксессуары->Мобильные телефоны;8 030,0;13;Samsung
361868;Мобильный телефон Samsung Galaxy S5 16GB;Мобильные и связь->Мобильные и аксессуары->Мобильные телефоны;7 964,0;6;Samsung
1132679;Мобильный телефон Huawei Honor 9 64GB/4GB Dual Sim;Мобильные и связь->Мобильные и аксессуары->Мобильные телефоны;24046;10;Huawei
1132679;Мобильный телефон Huawei Honor 9 64GB/4GB Dual Sim;Мобильные и связь->Мобильные и аксессуары->Мобильные телефоны;24 046,0;9;Huawei
1132679;Мобильный телефон Huawei Honor 9 64GB/4GB Dual Sim;Мобильные и связь->Мобильные и аксессуары->Мобильные телефоны;25 289,0;6;Huawei
1132679;Мобильный телефон Huawei Honor 9 64GB/4GB Dual Sim;Мобильные и связь->Мобильные и аксессуары->Мобильные телефоны;25 289,0;8;Huawei
451522;Мобильный телефон Sony Xperia Z3;Мобильные и связь->Мобильные и аксессуары->Мобильные телефоны;9300,5;2;Sony
451522;Мобильный телефон Sony Xperia Z3;Мобильные и связь->Мобильные и аксессуары->Мобильные телефоны;10 230,0;15;Sony
451522;Мобильный телефон Sony Xperia Z3;Мобильные и связь->Мобильные и аксессуары->Мобильные телефоны;9 300,5;9;Sony
451522;Мобильный телефон Sony Xperia Z3;Мобильные и связь->Мобильные и аксессуары->Мобильные телефоны;9 300,5;9;Sony
451522;Мобильный телефон Sony Xperia Z3;Мобильные и связь->Мобильные и аксессуары->Мобильные телефоны;9 300,5;3;Sony
451522;Мобильный телефон Sony Xperia Z3;Мобильные и связь->Мобильные и аксессуары->Мобильные телефоны;9 300,5;9;Sony
1204685;Мобильный телефон Apple iPhone 8 Plus 64GB;Мобильные и связь->Мобильные и аксессуары->Мобильные телефоны;54868;12;Apple
1204685;Мобильный телефон Apple iPhone 8 Plus 64GB;Мобильные и связь->Мобильные и аксессуары->Мобильные телефоны;57 090,0;7;Apple
1204685;Мобильный телефон Apple iPhone 8 Plus 64GB;Мобильные и связь->Мобильные и аксессуары->Мобильные телефоны;55 077,0;12;Apple
1204685;Мобильный телефон Apple iPhone 8 Plus 64GB;Мобильные и связь->Мобильные и аксессуары->Мобильные телефоны;54 868,0;10;Apple
644387;Мобильный телефон Apple iPhone 6S Plus 64GB;Мобильные и связь->Мобильные и аксессуары->Мобильные телефоны;23710,5;3;Apple
644387;Мобильный телефон Apple iPhone 6S Plus 64GB;Мобильные и связь->Мобильные и аксессуары->Мобильные телефоны;23 710,5;9;Apple
644387;Мобильный телефон Apple iPhone 6S Plus 64GB;Мобильные и связь->Мобильные и аксессуары->Мобильные телефоны;23 710,5;4;Apple
644387;Мобильный телефон Apple iPhone 6S Plus 64GB;Мобильные и связь->Мобильные и аксессуары->Мобильные телефоны;23 710,5;12;Apple
644387;Мобильный телефон Apple iPhone 6S Plus 64GB;Мобильные и связь->Мобильные и аксессуары->Мобильные телефоны;23 710,5;8;Apple
1203005;Мобильный телефон Xiaomi Mi Note 3 64GB;Мобильные и связь->Мобильные и аксессуары->Мобильные телефоны;19525;6;Xiaomi
1203005;Мобильный телефон Xiaomi Mi Note 3 64GB;Мобильные и связь->Мобильные и аксессуары->Мобильные телефоны;19 525,0;6;Xiaomi
1203005;Мобильный телефон Xiaomi Mi Note 3 64GB;Мобильные и связь->Мобильные и аксессуары->Мобильные телефоны;21 450,0;9;Xiaomi
1272039;Мобильный телефон Xiaomi Mi A1 32GB;Мобильные и связь->Мобильные и аксессуары->Мобильные телефоны;12639;5;Xiaomi
1272039;Мобильный телефон Xiaomi Mi A1 32GB;Мобильные и связь->Мобильные и аксессуары->Мобильные телефоны;12 738,0;9;Xiaomi
1272039;Мобильный телефон Xiaomi Mi A1 32GB;Мобильные и связь->Мобильные и аксессуары->Мобильные телефоны;13 068,0;3;Xiaomi
1272039;Мобильный телефон Xiaomi Mi A1 32GB;Мобильные и связь->Мобильные и аксессуары->Мобильные телефоны;12 639,0;11;Xiaomi
1272039;Мобильный телефон Xiaomi Mi A1 32GB;Мобильные и связь->Мобильные и аксессуары->Мобильные телефоны;13 187,9;8;Xiaomi
1248298;Мобильный телефон OnePlus 5T 128GB;Мобильные и связь->Мобильные и аксессуары->Мобильные телефоны;35858,9;12;OnePlus
1248298;Мобильный телефон OnePlus 5T 128GB;Мобильные и связь->Мобильные и аксессуары->Мобильные телефоны;38 005,0;4;OnePlus
1248298;Мобильный телефон OnePlus 5T 128GB;Мобильные и связь->Мобильные и аксессуары->Мобильные телефоны;35 858,9;11;OnePlus
1248298;Мобильный телефон OnePlus 5T 128GB;Мобильные и связь->Мобильные и аксессуары->Мобильные телефоны;38 377,9;9;OnePlus
1204676;Мобильный телефон Apple iPhone 8 64GB;Мобильные и связь->Мобильные и аксессуары->Мобильные телефоны;48059;7;Apple
1204676;Мобильный телефон Apple iPhone 8 64GB;Мобильные и связь->Мобильные и аксессуары->Мобильные телефоны;48 059,0;6;Apple
1204676;Мобильный телефон Apple iPhone 8 64GB;Мобильные и связь->Мобильные и аксессуары->Мобильные телефоны;48 950,0;6;Apple
1204676;Мобильный телефон Apple iPhone 8 64GB;Мобильные и связь->Мобильные и аксессуары->Мобильные телефоны;48 840,0;7;Apple
705058;Мобильный телефон Samsung Galaxy A5 2016;Мобильные и связь->Мобильные и аксессуары->Мобильные телефоны;10781,1;13;Samsung
705058;Мобильный телефон Samsung Galaxy A5 2016;Мобильные и связь->Мобильные и аксессуары->Мобильные телефоны;14 058,0;8;Samsung
705058;Мобильный телефон Samsung Galaxy A5 2016;Мобильные и связь->Мобильные и аксессуары->Мобильные телефоны;10 781,1;3;Samsung
705058;Мобильный телефон Samsung Galaxy A5 2016;Мобильные и связь->Мобильные и аксессуары->Мобильные телефоны;10 781,1;2;Samsung
705058;Мобильный телефон Samsung Galaxy A5 2016;Мобильные и связь->Мобильные и аксессуары->Мобильные телефоны;14 058,0;13;Samsung
1217620;Мобильный телефон Huawei Mate 10 Lite Dual Sim;Мобильные и связь->Мобильные и аксессуары->Мобильные телефоны;17809;15;Huawei
1217620;Мобильный телефон Huawei Mate 10 Lite Dual Sim;Мобильные и связь->Мобильные и аксессуары->Мобильные телефоны;17 809,0;11;Huawei
1217620;Мобильный телефон Huawei Mate 10 Lite Dual Sim;Мобильные и связь->Мобильные и аксессуары->Мобильные телефоны;17 809,0;12;Huawei
1217620;Мобильный телефон Huawei Mate 10 Lite Dual Sim;Мобильные и связь->Мобильные и аксессуары->Мобильные телефоны;17 809,0;2;Huawei
266461;Мобильный телефон Samsung Galaxy S4 16GB;Мобильные и связь->Мобильные и аксессуары->Мобильные телефоны;6930;5;Samsung
266461;Мобильный телефон Samsung Galaxy S4 16GB;Мобильные и связь->Мобильные и аксессуары->Мобильные телефоны;6 039,0;6;Samsung
266461;Мобильный телефон Samsung Galaxy S4 16GB;Мобильные и связь->Мобильные и аксессуары->Мобильные телефоны;6 930,0;14;Samsung
266461;Мобильный телефон Samsung Galaxy S4 16GB;Мобильные и связь->Мобильные и аксессуары->Мобильные телефоны;6 930,0;13;Samsung
1133467;Мобильный телефон Xiaomi Redmi Note 4x 16GB;Мобильные и связь->Мобильные и аксессуары->Мобильные телефоны;9229;10;Xiaomi
1133467;Мобильный телефон Xiaomi Redmi Note 4x 16GB;Мобильные и связь->Мобильные и аксессуары->Мобильные телефоны;9 229,0;3;Xiaomi
